{ 
  "BOT_TOKEN": "8564933026:AAFmK3Z_rNIZQyCmaEyoPo7VYRnzzIcek1w",
  "USER_ID": "6646907804",
  "NAMA_STORE": "ROSI STORE",
  "DATA_QRIS": "00020101021126670016COM.NOBUBANK.WWW01189360050300000879140214032457554842140303UMI51440014ID.CO.QRIS.WWW0215ID20254096528100303UMI5204541153033605802ID5919ROSISTORE OK24821196009BANGKALAN61056911162070703A0163049B03",
  "auth_paymet_getway": "rosistore",
  "auth_username_mutasi": "rosistore",
  "auth_token_mutasi": "2482119:YbUzFihTjel4Myr1O0KR6ZdwkDxPHntN",
  "web_mutasi": "https://app.orderkuota.com/api/v2/qris/mutasi/2482119",
  "ID_GRUP_NOTIP": "-1002729825726",
  "OKEC_MEMBER_ID": "OK2482119",
  "OKEC_PIN": "1402",
  "OKEC_PASSWORD": "Fitriatul@1"
}